userId,id,title,body,title_length,body_length,total_length
2,13,dolorum ut in voluptas mollitia et saepe quo animi,"aut dicta possimus sint mollitia voluptas commodi quo doloremque
iste corrupti reiciendis voluptatem eius rerum
sit cumque quod eligendi laborum minima
perferendis recusandae assumenda consectetur porro architecto ipsum ipsam",50,225,275
2,16,sint suscipit perspiciatis velit dolorum rerum ipsa laboriosam odio,"suscipit nam nisi quo aperiam aut
asperiores eos fugit maiores voluptatibus quia
voluptatem quis ullam qui in alias quia est
consequatur magni mollitia accusamus ea nisi voluptate dicta",67,185,252
2,20,doloribus ad provident suscipit at,"qui consequuntur ducimus possimus quisquam amet similique
suscipit porro ipsam amet
eos veritatis officiis exercitationem vel fugit aut necessitatibus totam
omnis rerum consequatur expedita quidem cumque explicabo",34,213,247
1,1,sunt aut facere repellat provident occaecati excepturi optio reprehenderit,"quia et suscipit
suscipit recusandae consequuntur expedita et cum
reprehenderit molestiae ut ut quas totam
nostrum rerum est autem sunt rem eveniet architecto",74,158,232
1,6,dolorem eum magni eos aperiam quia,"ut aspernatur corporis harum nihil quis provident sequi
mollitia nobis aliquid molestiae
perspiciatis et ea nemo ab reprehenderit accusantium quas
voluptate dolores velit et doloremque molestiae",34,194,228
3,27,quasi id et eos tenetur aut quo autem,"eum sed dolores ipsam sint possimus debitis occaecati
debitis qui qui et
ut placeat enim earum aut odit facilis
consequatur suscipit necessitatibus rerum sed inventore temporibus consequatur",37,190,227
1,3,ea molestias quasi exercitationem repellat qui ipsa sit aut,"et iusto sed quo iure
voluptatem occaecati omnis eligendi aut ad
voluptatem doloribus vel accusantium quis pariatur
molestiae porro eius odio et labore et velit aut",59,164,223
3,21,asperiores ea ipsam voluptatibus modi minima quia sint,"repellat aliquid praesentium dolorem quo
sed totam minus non itaque
nihil labore molestiae sunt dolor eveniet hic recusandae veniam
tempora et tenetur expedita sunt",54,164,218
2,11,et ea vero quia laudantium autem,"delectus reiciendis molestiae occaecati non minima eveniet qui voluptatibus
accusamus in eum beatae sit
vel qui neque voluptates ut commodi qui incidunt
ut animi commodi",32,169,201
2,12,in quibusdam tempore odit est dolorem,"itaque id aut magnam
praesentium quia et ea odit et ea voluptas et
sapiente quia nihil amet occaecati quia id voluptatem
incidunt ea est distinctio odio",37,152,189
3,28,delectus ullam et corporis nulla voluptas sequi,"non et quaerat ex quae ad maiores
maiores recusandae totam aut blanditiis mollitia quas illo
ut voluptatibus voluptatem
similique nostrum eum",47,141,188
1,9,nesciunt iure omnis dolorem tempora et accusantium,"consectetur animi nesciunt iure dolore
enim quia ad
veniam autem ut quam aut nobis
et est aut quod aut provident voluptas autem voluptas",50,136,186
3,29,iusto eius quod necessitatibus culpa ea,"odit magnam ut saepe sed non qui
tempora atque nihil
accusamus illum doloribus illo dolor
eligendi repudiandae odit magni similique sed cum maiores",39,147,186
2,17,fugit voluptas sed molestias voluptatem provident,"eos voluptas et aut odit natus earum
aspernatur fuga molestiae ullam
deserunt ratione qui eos
qui nihil ratione nemo velit ut aut id quo",49,136,185
2,19,adipisci placeat illum aut reiciendis qui,"illum quis cupiditate provident sit magnam
ea sed aut omnis
veniam maiores ullam consequatur atque
adipisci quo iste expedita sit quos voluptas",41,143,184
3,24,autem hic labore sunt dolores incidunt,"enim et ex nulla
omnis voluptas quia qui
voluptatem consequatur numquam aliquam sunt
totam recusandae id dignissimos aut sed asperiores deserunt",38,144,182
3,30,a quo magni similique perferendis,"alias dolor cumque
impedit blanditiis non eveniet odio maxime
blanditiis amet eius quis tempora quia autem rem
a provident perspiciatis quia",33,140,173
3,22,dolor sint quo a velit explicabo quia nam,"eos qui et ipsum ipsam suscipit aut
sed omnis non odio
expedita earum mollitia molestiae aut atque rem suscipit
nam impedit esse",41,128,169
