商品編號,商品名稱,分類,品牌,價格,原價,評分,評論數,庫存,出貨地,免運,標籤
P001,經典珍珠奶茶材料包,飲料沖泡,巷口茶舖,199,249,4.7,328,45,臺中,是,熱銷
P002,無糖冷泡茶包20入,飲料沖泡,山嵐茶研,259,299,4.8,512,83,南投,是,回購
P003,濾掛咖啡綜合組,飲料沖泡,早安咖啡,349,420,4.6,287,36,嘉義,是,辦公室
P004,黑糖薑茶隨身包,飲料沖泡,暖暖日常,219,260,4.5,156,67,臺南,否,冬季
P005,蜂蜜檸檬濃縮飲,飲料沖泡,小農好味,299,360,4.7,241,29,高雄,是,人氣
P006,燕麥奶六入組,飲料沖泡,日日健康,399,450,4.4,198,51,桃園,是,早餐
P007,臺灣高山烏龍茶,飲料沖泡,山嵐茶研,580,680,4.9,634,18,南投,是,送禮
P008,可可歐蕾沖泡包,飲料沖泡,暖暖日常,189,230,4.3,122,74,新北,否,療癒
P009,椒麻拌麵四入,泡麵乾糧,深夜食堂,239,280,4.8,845,62,臺北,是,宵夜
P010,麻油雞麵線三入,泡麵乾糧,灶腳滋味,299,350,4.6,376,31,彰化,是,暖胃
P011,素食香菇乾拌麵,泡麵乾糧,日日蔬食,229,260,4.5,219,48,臺中,否,素食
P012,臺南擔仔麵五入,泡麵乾糧,府城老店,269,320,4.7,591,26,臺南,是,經典
P013,酸辣粉絲六入,泡麵乾糧,辣個味道,199,240,4.4,433,57,新北,是,酸辣
P014,雞絲麵家庭號,泡麵乾糧,古早好味,179,210,4.3,164,91,彰化,否,家庭
P015,番茄牛肉即食麵,泡麵乾糧,深夜食堂,279,330,4.6,308,42,臺北,是,濃郁
P016,低卡蒟蒻麵組合,泡麵乾糧,日日健康,329,399,4.2,187,38,桃園,是,低卡
P017,鳳梨酥十二入,零食甜點,島嶼點心,420,480,4.8,932,35,臺北,是,送禮
P018,手工蛋捲禮盒,零食甜點,阿嬤廚房,380,450,4.7,671,22,嘉義,是,酥脆
P019,鹹蛋黃洋芋片,零食甜點,追劇良伴,129,159,4.5,1245,103,新北,否,追劇
P020,黑糖珍珠雪花餅,零食甜點,島嶼點心,249,299,4.6,438,46,臺中,是,人氣
P021,芒果乾大包裝,零食甜點,小農好味,299,350,4.9,783,19,臺南,是,天然
P022,海苔脆片三入,零食甜點,日日健康,169,199,4.4,357,88,高雄,否,低卡
P023,牛軋糖綜合口味,零食甜點,阿嬤廚房,329,390,4.7,526,27,嘉義,是,伴手禮
P024,爆米花派對桶,零食甜點,追劇良伴,199,250,4.3,296,64,桃園,是,聚會
P025,人體工學滑鼠,辦公用品,效率玩家,699,899,4.6,887,32,新北,是,上班族
P026,靜音無線鍵盤,辦公用品,效率玩家,890,1090,4.5,642,24,桃園,是,靜音
P027,筆電增高散熱架,辦公用品,桌面研究所,499,650,4.7,731,41,臺中,是,護頸
P028,多孔快充延長線,辦公用品,安心電力,759,920,4.8,1082,17,新竹,是,快充
P029,護腕滑鼠墊,辦公用品,桌面研究所,259,320,4.4,348,69,臺南,否,舒適
P030,桌上型收納抽屜,辦公用品,整理日常,399,480,4.3,275,53,彰化,是,收納
P031,抗藍光眼鏡,辦公用品,清晰視界,580,750,4.2,421,28,臺北,是,護眼
P032,番茄鐘計時器,辦公用品,效率玩家,349,420,4.6,559,47,高雄,是,專注
P033,不鏽鋼保溫杯,居家生活,日日好物,499,650,4.8,963,39,臺中,是,保溫
P034,摺疊晴雨傘,居家生活,島嶼日常,379,450,4.5,782,55,新北,是,防曬
P035,除濕防霉盒十入,居家生活,乾爽之家,299,360,4.4,654,108,基隆,是,雨季
P036,香氛擴香組,居家生活,慢活香氣,450,550,4.7,519,21,臺南,是,療癒
P037,可水洗除塵拖把,居家生活,整理日常,329,399,4.3,337,72,彰化,否,清潔
P038,真空壓縮袋八入,居家生活,整理日常,269,330,4.6,608,61,桃園,是,換季
P039,USB充電小夜燈,居家生活,日日好物,219,280,4.5,445,84,新竹,否,租屋
P040,記憶棉坐墊,居家生活,舒適研究所,599,750,4.7,714,30,臺中,是,久坐
P041,高蛋白能量棒,運動健康,動力補給,399,480,4.6,582,44,高雄,是,健身
P042,瑜珈彈力帶組,運動健康,輕鬆動,299,380,4.5,496,58,臺北,是,居家運動
P043,智慧計步手環,運動健康,動力科技,990,1290,4.3,821,23,新竹,是,計步
P044,防滑瑜珈墊,運動健康,輕鬆動,699,850,4.7,677,35,臺中,是,瑜珈
P045,運動速乾毛巾,運動健康,動力補給,199,250,4.4,303,96,臺南,否,吸汗
P046,筋膜按摩球三入,運動健康,舒展日常,259,320,4.6,539,42,新北,是,放鬆
P047,不鏽鋼啞鈴組,運動健康,力氣工坊,1280,1580,4.8,412,12,彰化,是,重訓
P048,低糖電解質粉,運動健康,動力補給,349,420,4.5,364,66,高雄,是,補水
P049,編織充電線二入,手機周邊,電力滿格,299,390,4.7,1398,112,新北,是,耐用
P050,磁吸手機支架,手機周邊,行動日常,359,450,4.5,876,74,臺中,是,追劇
P051,萬用手機掛繩,手機周邊,行動日常,199,250,4.3,524,91,臺南,否,旅行
P052,迷你行動電源,手機周邊,電力滿格,790,990,4.6,1105,33,桃園,是,輕巧
P053,藍牙自拍遙控器,手機周邊,旅行玩家,189,230,4.2,369,86,臺北,否,拍照
P054,防水手機袋,手機周邊,旅行玩家,249,320,4.4,647,59,高雄,是,玩水
P055,手機鏡頭清潔組,手機周邊,清晰視界,159,199,4.5,281,120,新竹,否,清潔
P056,折疊桌面手機架,手機周邊,桌面研究所,279,350,4.7,935,48,彰化,是,視訊
P057,城市通勤後背包,通勤旅行,島嶼旅行,1190,1490,4.8,735,18,臺北,是,防潑水
P058,行李箱收納袋組,通勤旅行,旅行玩家,499,620,4.6,628,37,新北,是,收納
P059,頸枕眼罩旅行組,通勤旅行,舒適研究所,399,490,4.5,484,52,桃園,是,睡眠
P060,防盜證件隨身包,通勤旅行,島嶼旅行,459,580,4.7,391,29,臺中,是,防盜
P061,輕量折疊購物袋,通勤旅行,日日好物,199,260,4.4,572,95,臺南,否,環保
P062,機車防水手套,通勤旅行,雨天騎士,349,430,4.6,668,43,基隆,是,防水
P063,反光安全雨衣,通勤旅行,雨天騎士,599,750,4.8,793,25,宜蘭,是,安全
P064,隨身電子行李秤,通勤旅行,旅行玩家,329,410,4.5,346,57,高雄,是,出國
P065,Python入門圖解書,學習進修,學習充電站,520,650,4.9,1267,31,臺北,是,程式設計
P066,資料分析練習卡,學習進修,學習充電站,299,380,4.7,483,54,臺中,是,面試
P067,英文單字記憶卡,學習進修,每日進步,249,320,4.5,374,76,臺南,否,語言
P068,空白筆記本三入,學習進修,紙上日常,219,270,4.6,516,89,彰化,是,筆記
P069,線上課程規劃手帳,學習進修,每日進步,359,450,4.8,607,42,新竹,是,自律
P070,面試問題整理本,學習進修,職涯補給,279,350,4.7,442,63,新北,是,求職
P071,簡報設計範例集,學習進修,職涯補給,450,560,4.6,329,34,高雄,是,簡報
P072,證照考試倒數日曆,學習進修,每日進步,199,250,4.4,291,81,桃園,否,證照
