排名,頁數,標題,網址
1,1,出席九三敬軍活動展售會 卓揆向國軍致敬 全力支持與照顧國軍福利 115-09-05 行政院長卓榮泰今（5）日出席「115年度九三敬軍優惠系列活動-英雄饗宴 飽家味國」展售會時表示，去（114）年共有62家企業品牌、2萬家門店響應敬軍系列活動，今（115）年則大幅增加至640個品牌、2萬2千家門店，......,https://www.ey.gov.tw/Page/9277F759E41CCD91/e181a430-75d8-4473-aba7-81f9623adf65
2,1,台中電廠2燃煤機組10月啟動拆除 卓揆：「以氣換煤」如期推進 2034年台中電廠達成無煤供電 115-09-04 行政院長卓榮泰今（4）日前往台中火力發電廠，視察「以氣換煤」工程進度與煙囪拆除計畫。卓院長表示，台中電廠整體空污總排放量相較2014年已大幅降低8成，針對各界關注的台中電廠供電規劃，卓院長重申政府三大承諾：2034......,https://www.ey.gov.tw/Page/9277F759E41CCD91/f19f89df-1585-45a2-8a14-2096cdbe503b
3,1,出席防制綠能犯罪座談會 卓揆：完善制度、嚴打不法 保障合法業者開發潔淨綠能 115-09-04 行政院長卓榮泰今（4）日出席「綠能前行．廉潔治理」防制綠能犯罪座談會時表示，產業發展需要電力，電力供應則需要潔淨能源，這是我國產業走向國際、提升國際競爭力的必要條件；中央、地方各級行政人員及檢、警、調、廉同仁責無旁......,https://www.ey.gov.tw/Page/9277F759E41CCD91/1373b445-a7aa-4b49-85bb-5c95487996d3
4,1,頒發中華建築金石獎 卓揆感謝得獎企業融入創新精神 提升國人生活品質 115-09-03 行政院長卓榮泰今（3）日出席「第34屆中華建築金石獎」頒獎典禮時表示，建築產業是一個相當複雜、多元且專業的領域，唯有歷經多年淬鍊，才能獲得金石獎這份殊榮。卓院長感謝金石獎主辦單位「中華教科文創新發展協會」堅持不拔、......,https://www.ey.gov.tw/Page/9277F759E41CCD91/5b1cd8bf-9e84-409f-99e0-09a8a36f07ef
5,1,"政院通過115年度中央政府總預算追加預算案6,076億元 卓揆：全力穩定民生、加碼社福、提升待遇、災害重建、強化國防及支持育兒 115-09-03 行政院會今（3）日通過主計總處編具之「115年度中央政府總預算追加預算案」，追加編列6,076億元歲出預算，用以「穩定民生」、「社福加碼」、「提升待遇」、「災後重建」、「強化國防」及「啟動兒少成長津貼」等六大面向，......",https://www.ey.gov.tw/Page/9277F759E41CCD91/e6b90fcf-0d42-40e3-b001-1c790c076657
6,1,政院通過「國民運動法」修正草案 形塑多元平權運動文化、促進社會包容及環境永續發展 115-09-03 行政院會今（3）日通過運動部擬具之「國民體育法」修正草案，法案名稱並修正為「國民運動法」，將函請立法院審議。行政院長卓榮泰表示，運動部成立目的之一，是為落實賴清德總統「健康台灣」政見，同時為提升國民健康，亦特別設立......,https://www.ey.gov.tw/Page/9277F759E41CCD91/d0eb8192-299e-4522-a74d-23435408aed2
7,1,卓揆：提供最完善醫療防護及後勤支援 全力協助我國選手力戰愛知名古屋亞運 115-09-03 行政院長卓榮泰今（3）日在行政院會聽取運動部「2026愛知名古屋亞運參賽準備情形」報告後表示，第20屆亞運將於今（2026）年9月19日至10月4日，由日本愛知縣及名古屋市聯合舉辦。我國代表團團員共計735名，包括......,https://www.ey.gov.tw/Page/9277F759E41CCD91/53e40520-0d2b-41e0-8150-d1a915f76934
8,1,運動部成立將屆週年 卓揆：以「SPORTS」六大策略落實「運動產業發展綱領」 推動新時代運動政策 115-09-03 行政院長卓榮泰今（3）日於行政院會聽取運動部「運動產業發展綱領（115-118年）」報告後表示，行政院已於去（114）年9月9日正式成立運動部，落實賴清德總統競選政見，迄今運動部成立將屆滿1年。卓院長指出，本次運動......,https://www.ey.gov.tw/Page/9277F759E41CCD91/7bcce0c6-b46c-401f-8c94-134bf46b9431
9,1,季連成政委召開「打黑反毒指揮小組」第二次會議 持續督促落實毒品及毒駕防制各項業務 保障民眾安全 115-09-02 為持續落實行政院毒品及毒駕防制政策及作為，季連成政委今（2）日下午召集法務部、內政部、財政部、國防部、海巡署等檢、警、調、憲、海巡、關務六大查緝系統及教育部，主持「打黑反毒指揮小組」專案會議第二次會議，聽取六大緝毒......,https://www.ey.gov.tw/Page/9277F759E41CCD91/5659ecaa-19e3-448b-b19e-e57c71c91ac5
10,1,SEMICON國際半導體展開幕 卓揆：備妥土地、能源、金融及人才支持 攜手世界共創高峰 115-09-02 行政院長卓榮泰今（2）日出席「SEMICON Taiwan 2026國際半導體展」開幕典禮時表示，半導體產業具有高度全球化特性，希望藉由各國更專業分工、更多跨國合作，增加彼此優勢，讓各國人民均能互蒙其利。此外，我國......,https://www.ey.gov.tw/Page/9277F759E41CCD91/3104e8b0-1ca4-4621-99ba-6ececffd8db1
11,1,大彰化西南第二階段及西北離岸風場完工 卓揆：持續推動離岸風電發展 打造世界級綠能建設標竿 115-09-01 行政院長卓榮泰今（1）日前往臺中市出席「大彰化西南第二階段及西北離岸風場完工暨運維儀式」時表示，政府推動離岸風電的政策是持續、穩定且明確的，在賴清德總統「二次能源轉型」、「發展多元綠能」理念下，持續推動綠能開發，並......,https://www.ey.gov.tw/Page/9277F759E41CCD91/3b4f755e-87c7-4255-b5b6-e79162d5795f
12,1,出席「科技阻詐，全域守護高峰會」 卓揆：透過金檢警聯防及公私協力 打造更安全可靠金融交易環境 115-08-31 行政院長卓榮泰今（31）日出席「2026金檢警聯防：科技阻詐，全域守護高峰會」時表示，打詐是政府「五打七安」的重要治安工作之一，除了將打擊詐欺指揮中心提升為行政院的常態性任務編組，也在每週行政院政務會議上持續掌握打......,https://www.ey.gov.tw/Page/9277F759E41CCD91/36b07b09-1a69-48df-9b4d-b9f0abd5f534
13,1,卓揆：油品須遵守嚴謹製程、留存完整資料、檢驗合格後方得上市 115-08-27 針對近期COVID-19疫情、流感及油品問題，行政院長卓榮泰今（27）日於行政院會聽取衛生福利部報告後表示，醫療機構不得有選擇病人的情形，此舉不僅不尊重病人，也有違醫療精神；因應流感來臨，請衛福部預先整合各縣市政府......,https://www.ey.gov.tw/Page/9277F759E41CCD91/f76655d5-997e-44e4-bc0d-e3c1f49ae668
14,1,卓揆：堅持無人載具採購特別條例由國防部主辦 呼籲立院尊重憲政體制以維正常運作 115-08-27 行政院長卓榮泰今（27）日於行政院會表示，今天可能是立法院本會期最後一天，許多重要法案都還在進行當中，其中與國防部最相關的是《國防自主無人載具採購特別條例》草案，這是國防自主及國家安全最重要的一項，行政院提出特別條......,https://www.ey.gov.tw/Page/9277F759E41CCD91/9980e1a9-5c89-4ed5-8457-a7b0c7abe4d2
15,2,卓揆：秉持「從速、從寬、從簡」原則辦理0822豪雨災損救助 超前部署沙德爾颱風整備 115-08-27 行政院長卓榮泰今（27）日於行政院會聽取內政部、農業部、經濟部「沙德爾颱風整備狀況及0822豪雨災損因應」報告後表示，沙德爾颱風雖然直接侵襲臺灣本島的機率較低，但8月28日適逢返校及中元大潮，各部會仍需提高警覺，配......,https://www.ey.gov.tw/Page/9277F759E41CCD91/fd6af8cb-6f4e-4fad-baec-7e9e476a33d8
16,2,公私串聯推動九三軍人節敬軍活動　卓揆：全民共同實踐「民敬軍、軍愛民」精神 115-08-27 行政院長卓榮泰今（27）日於行政院會聽取經濟部「2026九三軍人節敬軍活動規劃」報告後表示，感謝各界企業與店家及各部會共同響應今（2026）年的敬軍活動，去（2025）年共有62個企業品牌、約2萬家門店響應敬軍活動......,https://www.ey.gov.tw/Page/9277F759E41CCD91/7ed13572-3aa6-4b0d-aead-52cdf697b443
17,2,出席新能源國際論壇 卓揆：全力打造充足、韌性且符合多元綠能的電力建設 115-08-26 行政院長卓榮泰今（26）日出席「2026第十屆新能源國際論壇」開幕式時表示，期待透過今日論壇，針對極具挑戰性的能源議題凝聚高度共識、達成實質結論，並提出社會倡議或發表共同宣言，向國內外展現臺灣接軌國際新能源標準的決......,https://www.ey.gov.tw/Page/9277F759E41CCD91/9d81b708-65bc-46d9-96f5-68881bb02e01
18,2,打詐指揮中心成立即將滿兩年 行政院呼籲全民協力攻破詐騙深水區 115-08-25 行政院打擊詐欺指揮中心（下簡稱打詐中心）將於8月底成立滿兩週年。內政部警政署165打詐儀錶板顯示，相較113年8月中心成立時，兩年來每月電信網路詐欺受理案件數減少43%、民眾財損金額下降71%，顯示政府與全民共同推......,https://www.ey.gov.tw/Page/9277F759E41CCD91/50f8490b-d308-4ad1-8961-a1666b04e698
19,2,赴屏東視察農損及排水改善工程 卓揆：秉持「從速、從寬、從優」原則 一次到位補助家戶淹水及農損救助 115-08-25 受熱帶性低氣壓與西南風影響，臺灣南部及東部地區連續數日出現豪大雨，造成部分地區積淹水。關心地方災情，行政院長卓榮泰今（25）日前往屏東縣南州鄉視察苦瓜農損情形，並赴麟洛鄉視察大湖排水改善工程。卓院長強調，不論農損救......,https://www.ey.gov.tw/Page/9277F759E41CCD91/8fca8bea-8459-49c6-bcee-99860813f1bb
20,2,視導0822豪雨中央災害應變中心 卓揆：強化中央與地方應變協調 加速災後復原 115-08-24 關切0822豪雨災情及應處整備情形，行政院長卓榮泰今（24）日前往視導中央災害應變中心時表示，此次應變中心二級開設，他特別指示行政院政務委員季連成擔任指揮官，加強經濟部、農業部、交通部、衛生福利部、內政部及國防部等......,https://www.ey.gov.tw/Page/9277F759E41CCD91/06859b49-e5e0-41bc-954f-08bf4c3c951c
21,2,2026生技產業策略諮議委員會開幕 卓揆：加速AI、數位醫療與生技產業發展 落實健康台灣 強化國際布局 115-08-24 行政院長卓榮泰今（24）日出席「2026行政院生技產業策略諮議委員會議（BTC）」開幕式時表示，臺灣生技產業近年快速發展，在新藥研發、創新醫材、醫療照護及智慧醫療等方面均展現國際競爭力。明（2027）年中央政府總預......,https://www.ey.gov.tw/Page/9277F759E41CCD91/1a9eb86f-0208-461d-9be9-128d79c1467e
22,2,出席基層醫療協會餐會 卓揆期盼中央地方攜手強化基層醫療、共同落實「健康台灣」政策 115-08-23 行政院長卓榮泰昨（23）日出席中華民國基層醫療協會「理監事會議暨基層醫療聯誼餐會」時表示，基層醫療是國人健康照護體系的重要基礎，從疫情期間疫苗接種、抗病毒藥物等政策推動，到日常醫療照護，都有賴基層醫療第一線醫師共同......,https://www.ey.gov.tw/Page/9277F759E41CCD91/2c4c721f-0c7a-4bc8-a3ce-6919f1fdcafc
23,2,出席「健保復健病房試辦計畫觀摩」記者會 卓揆：3億專款推動復健病房 延長國人健康餘命 減輕照顧負擔 115-08-23 行政院長卓榮泰今（23）日出席「健保復健病房試辦計畫觀摩」記者會時表示，臺灣已進入超高齡社會，因此政府大幅擴增「健康台灣深耕計畫」預算，於116年編列100億元，期盼發揮百倍槓桿功能，不僅全面升級醫療品質與醫護權益......,https://www.ey.gov.tw/Page/9277F759E41CCD91/2d327863-3158-409f-93ad-aa9f1644850a
24,2,陳金德政委視察馬太鞍復原重建工作進度 示範田產量恢復災前水準 115-08-21 行政院政務委員陳金德今（21）日前往花蓮縣光復鄉勘查馬太鞍溪堰塞湖災後復原重建工作進度，包括農業災區復耕情況、阿陶莫地區花蓮縣管排水背水堤新建工程等。陳政委肯定農業部的努力，讓示範田區大豆與玉米產量恢復近災前水準，......,https://www.ey.gov.tw/Page/9277F759E41CCD91/36376d4a-911c-4f82-9f4a-d53c4b62bd5f
25,2,回應推動轉型正義會報委員及民間團體關切 政院：面對預算全刪衝擊，持續堅定推動轉型正義工作 115-08-21 針對近期關心轉型正義的民間團體發起連署，以及行政院推動轉型正義會報民間委員日前發表共同聲明，關切115年度中央政府總預算中行政院「人權及轉型正義」業務預算遭全數刪除一事，行政院今（21）日表示，政院立場與委員聲明中......,https://www.ey.gov.tw/Page/9277F759E41CCD91/423870b0-587f-466d-beb1-e7c7f674c76f
26,2,出席績優調解人員表揚大會 張秘書長肯定獲獎人員化解紛爭 成社會安定力量 115-08-21 行政院秘書長張惇涵今（21）日出席「114年調解案件榮獲中央各獎項績優人員表揚大會」，代表賴清德總統頒發服務滿30年的感謝狀，以及代表卓榮泰院長頒發「行政院獨任調解獎」及「協同調解績優獎」。張秘書長向來自全國各地的......,https://www.ey.gov.tw/Page/9277F759E41CCD91/af6250e4-51bd-4d9b-bdf3-1000f9fb6783
27,2,參訪臺灣科技新創基地 卓揆：研議北士科設新創基地可行性 為首都圈黃金廊帶注入能量 115-08-20 行政院長卓榮泰今（20）日參訪臺灣科技新創基地（TTA）時表示，目前臺灣科技新創基地空間已趨近飽和，考量各界對新創空間的需求與期待，請國家科學及技術委員會正式立案研議在北投士林科技園區（北士科）成立新的TTA可行性......,https://www.ey.gov.tw/Page/9277F759E41CCD91/aa083d32-38bc-4e0e-9a29-a2458061bfdc
28,3,116年度中央政府總預算案達成收支平衡、依法還債、無新增債務 卓揆呼籲立院合理、如期完成審查 照顧全民福祉 115-08-20 「116年度中央政府總預算案暨附屬單位預算及綜計表」於今（20）日在行政院會通過，將送請立法院審議，行政院長卓榮泰於院會後親自召開記者會，向國人說明總預算案編製情形。卓院長表示，116年度總預算案歲入與歲出皆編列3......,https://www.ey.gov.tw/Page/9277F759E41CCD91/c9b62b00-c255-4c12-9eda-85409410beac
29,3,"政院通過116年度施政計畫草案 卓揆期勉落實各項施政 奠定臺灣向上發展基礎 115-08-20 行政院會今（20）日通過國家發展委員會擬具之「行政院116年度施政計畫（草案）」，併同中央政府總預算案函送立法院審議。
 

行政院長卓榮泰表示，行政院116年度施政計畫係各機關配合國家發展需求，回應人民期待......",https://www.ey.gov.tw/Page/9277F759E41CCD91/f9c5637a-9e2d-43b5-9da9-8f9aad9a5ebe
30,3,115年度總預算遭大幅刪凍 影響機關正常運作 卓揆籲立法院秉持專業、合理與比例原則審議明年度預算 115-08-20 行政院長卓榮泰今（20）日於行政院會聽取本院主計總處「115年度中央政府總預算案立法院審議結果」報告後表示，115年度中央政府總預算案經立法院審議，總共刪減480億元，除較112至114年追加後預算平均刪減數增加1......,https://www.ey.gov.tw/Page/9277F759E41CCD91/7c278e63-b6b3-47c3-8177-1734bb5f0b9b
31,3,參觀空總「晴空季2026」特展 卓揆期盼「部部都是文化部、季季都是晴空季」 厚植臺灣文化底蘊及思維 115-08-19 行政院長卓榮泰今（19）日出席文化部「晴空季SKYWARD 2026」記者會時表示，「晴空季2026」自8月1日起至11月15日止，於「空總國家文化基地」展出，納入「臺灣文化創意博覽會」、「終戰八十特展」及「We ......,https://www.ey.gov.tw/Page/9277F759E41CCD91/a5dc1d99-5846-493f-921e-4c5fb621399b
32,3,出席機器人與智慧自動化工業雙展 卓揆：持續投入預算推動科技發展及AI新十大建設 共促「AI紅利，全民共享」 115-08-19 行政院長卓榮泰今（19）日出席「台灣機器人與智慧自動化展」暨「台北國際自動化工業大展」開幕典禮時表示，今日盛會是百工百業智慧應用的具體實現，透過先進製造能力將AI晶片結合於各類載體，形成良好的產業發展循環。卓院長強......,https://www.ey.gov.tw/Page/9277F759E41CCD91/a557355c-2c19-4502-be06-7503f6192fb8
33,3,《臺灣兒少成長及未來帳戶條例》違反憲法權力分立原則、比例原則及租稅法律原則  行政院不予副署 115-08-17 行政院發言人李慧芝今（17）日表示，由於立法院日前三讀的《臺灣兒少成長及未來帳戶條例》，違反憲法權力分立原則、比例原則及租稅法律原則等憲法要求，為捍衛憲政秩序及行政院權限，行政院卓榮泰院長已在今天決定基於憲法賦予行......,https://www.ey.gov.tw/Page/9277F759E41CCD91/c5cef458-b658-484a-b7bb-e36f2f2a0c31
34,3,"避免引發違憲疑慮 行政院不副署《有線廣播電視法》 115-08-17 有關立法院本次三讀通過的《有線廣播電視法》，行政院發言人李慧芝今（17）日表示，這次修法涉及的黨政軍條款及裁罰對象規定，與行政院卓榮泰院長先前決定不予副署的《衛星廣播電視法》第5條及第50條內容相近。
 

......",https://www.ey.gov.tw/Page/9277F759E41CCD91/1668d3f9-29d8-4e23-87ce-83d32c06c5ef
35,3,參訪彰化「左鄰秀家人」日間照顧中心 卓揆：推動「互助喘息」服務 減輕家庭照顧負擔 115-08-15 行政院長卓榮泰今（15）日前往彰化縣參訪「左鄰秀家人照顧咖啡館」時表示，「左鄰秀家人」目前推動家庭照顧者「互助喘息」的支持服務，雖然場地空間不大，但設備良好，讓許多長者在此獲得用心的照顧，也讓其他相關機構學習成功經......,https://www.ey.gov.tw/Page/9277F759E41CCD91/c6724e1a-53e0-4b5c-8905-e6b78d9cae7d
36,3,馬太鞍重建工作展現具體成果 陳金德：農業重災區規劃「一心、一林、兩低地、雙網」新願景 115-08-14 行政院今（14）日召開「馬太鞍溪堰塞湖災後復原重建中央協調會報」第9次會議（擴大會議），由政務委員兼中央協調會報執行秘書陳金德主持，並邀集花蓮縣政府、鄉鎮公所、原住民部落代表出席。對於難以復耕的農業重災區，陳金德政......,https://www.ey.gov.tw/Page/9277F759E41CCD91/6224d612-648e-4a5a-b7b0-64fda94d8e33
37,3,卓揆參訪屏東可可產業 肯定結合農業創新及循環經濟 增進農民收益與地方發展 115-08-14 行政院長卓榮泰今（14）日前往屏東縣參訪「台灣可可與巧克力產業協會」時表示，近年來臺灣巧克力產業勇於轉型創新，在地生產的巧克力在國際比賽中屢獲佳績，並持續創造循環經濟價值。未來政府將透過《中小微企業轉型升級發展條例......,https://www.ey.gov.tw/Page/9277F759E41CCD91/f778548f-0ca1-4faa-b831-58c81fcda439
38,3,美國公布無人機系統及其零組件232關稅措施  臺灣適用相對較低稅率 115-08-14 美國政府於美東時間8月13日公告，依據《1962年貿易擴張法》第232條對全球進口無人機系統（UAS）及其零組件對美國國家安全之影響所進行的調查結果，針對大型及具敏感功能無人機將加徵100%關稅，針對中小型無人機將......,https://www.ey.gov.tw/Page/9277F759E41CCD91/efa749f7-9bf8-4a16-9d49-cf99b324bc12
39,3,政院親子日「有好又有寶」！卓揆：推動「台灣人口對策新戰略」 加大力道支持育兒家庭 115-08-14 行政院今（14）日舉辦親子日活動，院內員工攜家帶眷共同參與，計有241人，其中小朋友高達100名。卓榮泰院長特別出席與大小朋友同歡，親切互動合影，並發放「生育獎勵金」給每位小朋友。今日現場除有16組三代同堂家庭外，......,https://www.ey.gov.tw/Page/9277F759E41CCD91/b9bc964e-51e0-4f38-abc8-7aec61d8f7cd
40,4,視導北部7縣市行動通訊網路降速演練 卓揆：加強應變及備援機制 提升整體社會防災韌性 115-08-13 配合「2026城鎮韌性（防空）演習」，本（8）月10日下午2時30分至3時已於中部7縣市辦理我國首次行動通訊網路降速演練；今（13）日下午2時30分至3時則於宜蘭縣、基隆市、臺北市、新北市、桃園市、新竹市、新竹縣等......,https://www.ey.gov.tw/Page/9277F759E41CCD91/ee888dbb-c639-4d5e-853c-49db0287081e
41,4,視察宜蘭2026城鎮韌性演習 鄭副院長：強化「五項不中斷」 打造更具韌性的臺灣 115-08-13 行政院副院長鄭麗君今（13）日代表卓榮泰院長視導宜蘭縣政府「2026城鎮韌性（全民防衛動員）演習」，此次演習強化「指揮不中斷、醫療不中斷、救護能量不中斷、基層協作不中斷、民生供應不中斷」五項關鍵能力，驗證複合式災害......,https://www.ey.gov.tw/Page/9277F759E41CCD91/e21a820f-ae30-4e95-a927-24f93285a262
42,4,卓揆籲立法院儘速合理審議預算 讓全民共享經濟成長果實 115-08-13 行政院長卓榮泰今（13）日於行政院會表示，今（115）年度中央政府總預算案目前正在朝野黨團協商，行政院會全力爭取各項有利國家安全、地方建設及人民福祉的政策，惟目前仍有相當多預算遭不合理或違法刪減、凍結，期待最後能得......,https://www.ey.gov.tw/Page/9277F759E41CCD91/62230866-0a88-4815-bf31-0ec67bf5555c
43,4,新冠疫情升溫 卓揆：盤點抗病毒藥物儲備量及精準掌握醫療服務量能 確保民眾獲得適當照顧 115-08-13 針對近期新冠疫情升溫，民眾就醫需求增加，行政院長卓榮泰今（13）日在行政院會聽取衛生福利部「新冠疫情現況與因應作為」報告後表示，請衛福部精準掌握醫療院所與住院病床等醫療服務量能，並宣導分級醫療，使有需要的民眾皆可獲......,https://www.ey.gov.tw/Page/9277F759E41CCD91/b27c749c-7a2c-4ab0-9602-0b3cb0bf0224
44,4,"政院通過《洗錢防制法》部分條文修正草案 強化犯罪打擊及金融秩序維護 115-08-13 行政院會今（13）日通過法務部擬具之《洗錢防制法》部分條文修正草案，將送請立法院審議。
 

行政院長卓榮泰表示，洗錢防制工作為打擊犯罪、維護金融秩序之重要基礎，隨著犯罪手法及資金移轉方式快速變化，相關法制也......",https://www.ey.gov.tw/Page/9277F759E41CCD91/fc4d2ff5-4d4b-4129-ae5c-239e3d1ed9b7
45,4,卓揆：全力拓展海洋商機、打造安全及永續海洋治理體系 落實「探索海洋」國政願景 115-08-13 行政院長卓榮泰今（13）日於行政院會聽取國家科學及技術委員會與海洋委員會「海洋科技與產業發展方案」報告後表示，為落實賴清德總統「探索海洋」之國政願景，國科會及海委會等相關部會，以科技導入為核心動能，推進海洋科研、促......,https://www.ey.gov.tw/Page/9277F759E41CCD91/f939394b-bbb3-4fc9-86a4-7634465f06d3
46,4,政院：我國首次行動網路降速演練順利完成　各項備援通訊即時啟動 警消醫療等重要公共服務不中斷 感謝國人共同參與與配合演練 115-08-10 配合「2026城鎮韌性（防空）演習」，今（10）日下午2時30分至3時於臺中市、苗栗縣、南投縣、彰化縣、雲林縣、嘉義市及嘉義縣等中部7縣市，我國首次辦理行動通訊網路降速演練。行政院於上午10時於臺北車站聯合防災中心......,https://www.ey.gov.tw/Page/9277F759E41CCD91/1e1aa132-c596-46ba-9b82-198e14e9ee73
47,4,政院因應首次行動網路降速演練啟動跨部會應變中心　季連成政委：即時掌握狀況 確保民眾服務及政府運作順暢 115-08-10 配合「2026城鎮韌性（防空）演習」首次辦理行動網路降速演練，為即時掌握演練期間可能發生之各項突發狀況，確保政府機關運作、公共服務及民眾權益，卓院長高度重視本次首次辦理行動網路降速演練可能對民眾生活及各項公共服務造......,https://www.ey.gov.tw/Page/9277F759E41CCD91/b7ba2d88-1c91-4c63-9a1a-947c7740d74b
48,4,美國公布多晶矽232關稅 政院：臺美已有投資MOU 半導體多晶矽相關產品適用相關優惠待遇 115-08-07 美國總統川普於美東時間8月6日簽署總統公告，依據《1962年貿易擴張法》第232條款調查結果，將自2026年12月4日起，對自所有國家進口之多晶矽（Polysilicon）及其衍生產品課徵15%關稅，並建立最低進口......,https://www.ey.gov.tw/Page/9277F759E41CCD91/f2b7d6b1-3b3c-4b99-81fb-573ec6528670
49,4,視察屏東縣2026城鎮韌性演習 張秘書長：「有準備，更安全」 打造更具韌性的臺灣 115-08-07 為強化全社會防衛韌性及地方政府應變能力，屏東縣政府於本（8）月6、7日辦理「2026城鎮韌性（全民防衛動員）演習」兵棋推演及綜合實作演練，動員超過800人投入演練。行政院秘書長張惇涵今（7）日代表卓榮泰院長前往屏東......,https://www.ey.gov.tw/Page/9277F759E41CCD91/bd47d264-fadb-4fe3-83f6-c2846135590c
50,4,政院嚴密監控白海豚颱風動向 盤點落實各項防救災整備 呼籲民眾注意颱風訊息避免進入山區海域登高災害危險區域 115-08-06 依據交通部中央氣象署情資分析，白海豚颱風目前強度為中度颱風，預計7日下午至傍晚發布海上颱風警報，8日晚間亦可能對馬祖發布陸上颱風警報；因颱風外圍環流廣闊且移動速度較慢，降雨影響時間可能拉長，對前次巴威颱風豪大雨影響......,https://www.ey.gov.tw/Page/9277F759E41CCD91/5c9f0dee-368f-4da5-943e-ab24bfbb02b6
51,4,"政院通過《災害防救法》部分條文修正草案 落實專業導向、專人負責、專職防災 115-08-06 行政院會今（6）日通過內政部擬具之《災害防救法》部分條文修正草案，將送請立法院審議。
 

行政院長卓榮泰表示，為落實「專業導向、專人負責、專職防災」，本次修法特別汲取去（2025）年丹娜絲颱風、樺加沙颱風及......",https://www.ey.gov.tw/Page/9277F759E41CCD91/1cc8a67e-651f-4513-a223-31364793b27a
52,4,"卓揆：明年起每年加碼25.5億元 加速推動商圈及市場轉型升級 115-08-06 行政院長卓榮泰今（6）日於行政院會聽取經濟部「商圈及市場輔導情形及推動成果」報告後表示，全國有353處商圈及1,030處市場、夜市，支撐近16萬個店家、攤商，以及背後超過16萬個家庭，不僅對國人日常消費不可或缺，更......",https://www.ey.gov.tw/Page/9277F759E41CCD91/c763ad23-2474-444c-ab5d-4a972ab22079
53,5,卓揆：引導更多民間投資投入 完善文化內容產業生態 115-08-06 行政院長卓榮泰今（6）日於行政院會聽取文化部「打造國家文化內容力：影視產業推動做法與成果」報告後表示，文化部積極建構健全的影視音產業生態環境，將臺灣在地故事、文化多樣性、民主自由價值及創新活力向國際輸出；並持續培育......,https://www.ey.gov.tw/Page/9277F759E41CCD91/63118094-4a02-4780-ab3b-79f03de9a57a
54,5,卓揆：漢光、城鎮韌性演習相結合 全面提升全社會防衛整體韌性 115-08-06 行政院長卓榮泰今（6）日於行政院會聽取國防部「漢光42號演習╳城鎮韌性演習」報告後表示，今（2026）年漢光42號實兵演習，已在昨（5）日正式展開10天9夜連續不間斷的實兵演練，以實戰化訓練為核心，依敵情發展及作戰......,https://www.ey.gov.tw/Page/9277F759E41CCD91/4972ba9c-157f-4c11-8b31-2372f39923a1
55,5,頒發行政院文化獎 卓揆向得獎人邱坤良、廖慶松、徐仁修致敬，並堅定捍衛文化部預算 115-08-05 行政院長卓榮泰今（5）日出席「第45屆行政院文化獎」頒獎典禮，與大家一同見證「行政院文化獎」跨越百位得獎人里程碑的重要時刻，並頒獎予邱坤良教授（傳統藝術）、廖慶松老師（電影）與徐仁修老師（文學）三位得獎人，表彰其長......,https://www.ey.gov.tw/Page/9277F759E41CCD91/abc89c7b-4efa-4262-af2b-5f8475e18bdb
56,5,頒獎表揚人本環境競賽獲獎大學生 卓揆：持續落實「以人為本」交通安全，並呼籲立法院合理恢復道安預算 115-08-05 行政院長卓榮泰今（5）日出席「2026馬路好行暨人本環境大專院校競賽」頒獎典禮時表示，此項競賽吸引大專院校學生踴躍參與，代表政府長年推動「道路安全、以人為本」之思維，已逐漸在教育體系中生根落地，同時也是對中央與地方......,https://www.ey.gov.tw/Page/9277F759E41CCD91/b8b3da46-7f6e-4e16-8570-2c5a94974665
57,5,出席前瞻次世代通訊論壇 鄭副院長盼「次世代通訊國家隊」在國際上發揮創新實力及影響力 115-08-04 行政院副院長鄭麗君今（4）日出席「2026前瞻次世代通訊論壇：主權AI新紀元・全光通訊新契機」時表示，今（2026）年論壇主題「主權AI」及「全光通訊」，為當前全球科技及產業發展的重要關鍵字。過去一年多來，她負責對......,https://www.ey.gov.tw/Page/9277F759E41CCD91/d7159dad-3c30-4046-86a8-832dabe40274
58,5,出席台日半導體科技論壇 卓揆盼臺日強強聯手 攜手走向共同創新階段、開拓全球市場 115-08-03 行政院長卓榮泰今（3）日出席「2026台日半導體科技論壇：AI趨勢下的半導體國際合作機會」時表示，今日論壇不只是產業交流，更是臺日攜手投資未來的新起點。臺灣在半導體製造、晶片設計及資通訊整合方面占有優勢，而日本在材......,https://www.ey.gov.tw/Page/9277F759E41CCD91/0b38908d-8500-4ba4-9ba5-070ff8f41468
59,5,頒獎表揚強化社安網績優人員及團體 卓揆盼打造更完善社會安全網 讓臺灣成為新時代福利國家 115-08-01 行政院長卓榮泰今（1）日出席「115年強化社會安全網績優人員及團體頒獎典禮」時表示，今日得獎者來自社政、衛政、勞政、教育、警政、司法及原住民族服務等各領域，長期投入愛心及耐心，幫助與服務所有需要的民眾，讓政府各項政......,https://www.ey.gov.tw/Page/9277F759E41CCD91/a94399ce-70fe-4692-93c3-0784ab63c786
60,5,2026臺灣文博會開幕 鄭副院長盼讓世界看見臺灣文化軟實力與創造力 115-07-31 行政院副院長鄭麗君今（31）日前往空總國家文化基地出席「2026臺灣文博會開幕典禮」時表示，很高興代表卓榮泰院長出席文博會開幕典禮，與藝文界老朋友齊聚一堂，共同見證2026臺灣文博會開展，也欣見空總古蹟大樓完成修復......,https://www.ey.gov.tw/Page/9277F759E41CCD91/e84dadde-3a08-47a7-9268-c00bbdd32be9
61,5,視察新竹生物醫學園區 卓揆：投入逾60億打造第四生技大樓 完善生醫產業生態系 115-07-31 行政院長卓榮泰今（31）日前往新竹縣視察「新竹生物醫學園區發展現況暨第四生技大樓推動情形」時表示，政府已將「生技醫療」列為國家十三項戰略產業之一，並全力打造「大健康產業」。為滿足廠商進駐新竹生醫園區之需求，全面提升......,https://www.ey.gov.tw/Page/9277F759E41CCD91/13bb5a1f-c126-4e21-8370-7a89de20fa79
62,5,TASA iSPARK星創基地開幕 卓揆期許培育臺灣太空產業獨角獸 實現「競逐太空」願景 115-07-31 行政院長卓榮泰今（31）日前往國立陽明交通大學新竹校區出席「TASA iSPARK星創基地開幕典禮」時表示，「TASA iSPARK星創基地」可謂臺灣第一座國家級太空新創加速器，期許成功培育太空產業獨角獸，縮短臺灣......,https://www.ey.gov.tw/Page/9277F759E41CCD91/3a96ca00-d282-4206-ab21-c0b15e9de0cb
63,5,克服豪雨挑戰 追回工程進度 陳金德：馬太鞍永久橋續拚年底通車 115-07-31 行政院陳金德政務委員今（31）日前往光復鄉，實地勘查馬太鞍溪堰塞湖災後復原重建工作，了解台9線馬太鞍溪永久橋、高規格堤防及第二道防線等工程最新進度。他表示，永久橋工程雖一度受豪雨影響，但施工團隊全力投入，已順利追回......,https://www.ey.gov.tw/Page/9277F759E41CCD91/89b3f8f1-0861-43ac-b232-ed7d177f3f90
